Age,Income,Education,Marital Status,Gender,Race,Hours Worked/Week
39,327120.0,HS-grad,Married-civ-spouse,Male,White,40
32,123253.0,Assoc-acdm,Married-civ-spouse,Male,White,42
47,232628.0,HS-grad,Married-civ-spouse,Male,Black,40
19,374262.0,12th,Never-married,Male,White,20
46,311231.0,HS-grad,Married-civ-spouse,Male,White,40
45,148900.0,Bachelors,Married-civ-spouse,Male,White,50
34,118786.0,Bachelors,Never-married,Male,White,20
38,222532.0,Prof-school,Never-married,Female,White,45
40,270147.0,Masters,Never-married,Female,White,40
47,184005.0,HS-grad,Divorced,Female,Amer-Indian-Eskimo,45
35,62333.0,Bachelors,Never-married,Female,White,40
23,27073.0,Some-college,Never-married,Female,Other,40
53,158993.0,HS-grad,Widowed,Female,Black,38
58,181434.0,HS-grad,Married-civ-spouse,Male,White,40
47,102771.0,Doctorate,Married-civ-spouse,Male,White,40
42,160369.0,HS-grad,Never-married,Male,White,40
41,56236.0,HS-grad,Divorced,Male,Black,40
38,68781.0,Some-college,Married-civ-spouse,Male,White,40
56,159544.0,Masters,Married-civ-spouse,Male,White,60
48,212954.0,Masters,Married-civ-spouse,Male,White,40
36,199501.0,Some-college,Divorced,Female,Black,38
40,309311.0,HS-grad,Married-civ-spouse,Male,White,40
45,33234.0,Bachelors,Married-civ-spouse,Male,White,40
40,67874.0,Masters,Married-civ-spouse,Male,White,58
33,181434.0,12th,Never-married,Male,Black,40
26,172230.0,HS-grad,Never-married,Male,White,40
35,153066.0,HS-grad,Married-civ-spouse,Male,White,60
37,172571.0,HS-grad,Divorced,Male,White,40
22,216867.0,7th-8th,Married-civ-spouse,Male,White,40
57,169329.0,HS-grad,Married-civ-spouse,Male,Black,40
49,34377.0,12th,Married-civ-spouse,Male,White,40
38,150057.0,Masters,Married-civ-spouse,Male,White,50
24,88095.0,Some-college,Never-married,Female,White,24
27,22422.0,Some-college,Never-married,Male,White,40
35,190387.0,Bachelors,Married-civ-spouse,Male,White,45
25,181434.0,HS-grad,Never-married,Male,White,40
38,234298.0,Bachelors,Divorced,Male,White,60
47,248059.0,Some-college,Married-civ-spouse,Male,White,47
53,193720.0,Some-college,Married-civ-spouse,Male,White,40
28,33363.0,HS-grad,Married-civ-spouse,Male,White,70
42,128354.0,Bachelors,Married-civ-spouse,Female,White,40
22,141040.0,HS-grad,Never-married,Female,Black,35
29,89598.0,Bachelors,Married-civ-spouse,Female,White,35
26,163747.0,Bachelors,Never-married,Female,White,55
58,174864.0,HS-grad,Married-civ-spouse,Male,White,55
26,375499.0,10th,Never-married,Male,Black,20
28,203784.0,Preschool,Never-married,Male,White,38
30,269723.0,Some-college,Never-married,Female,White,45
37,327120.0,Some-college,Married-civ-spouse,Male,White,30
50,148431.0,Masters,Married-civ-spouse,Male,White,55
24,229826.0,Bachelors,Never-married,Male,White,20
58,259532.0,Some-college,Married-civ-spouse,Male,White,70
38,111398.0,Bachelors,Married-civ-spouse,Female,White,40
24,121313.0,HS-grad,Married-civ-spouse,Male,White,40
30,314310.0,Bachelors,Married-civ-spouse,Male,White,40
25,385646.0,HS-grad,Never-married,Male,White,40
32,217296.0,HS-grad,Married-civ-spouse,Female,White,22
24,34568.0,Assoc-voc,Never-married,Male,White,40
28,188711.0,Bachelors,Never-married,Male,White,20
33,202191.0,Some-college,Never-married,Female,Black,35
31,66278.0,Some-college,Married-civ-spouse,Female,White,40
39,140854.0,HS-grad,Never-married,Male,White,50
25,242136.0,HS-grad,Divorced,Male,Black,40
48,187715.0,HS-grad,Married-civ-spouse,Male,White,46
34,150154.0,HS-grad,Never-married,Male,White,40
22,58916.0,Some-college,Never-married,Female,White,30
20,188950.0,Some-college,Never-married,Male,White,25
32,113364.0,Bachelors,Never-married,Male,White,40
39,181434.0,Masters,Never-married,Female,White,50
45,26781.0,HS-grad,Married-civ-spouse,Male,Amer-Indian-Eskimo,8
23,213115.0,HS-grad,Never-married,Female,Black,40
42,180096.0,HS-grad,Married-civ-spouse,Male,White,60
35,114765.0,Bachelors,Divorced,Female,White,40
65,23580.0,Bachelors,Divorced,Female,White,40
33,368675.0,Some-college,Married-civ-spouse,Male,White,40
39,107302.0,Bachelors,Married-civ-spouse,Male,White,35
44,174684.0,HS-grad,Divorced,Male,Black,40
36,196662.0,Some-college,Never-married,Male,White,50
30,99502.0,Assoc-voc,Divorced,Female,Amer-Indian-Eskimo,40
44,96170.0,7th-8th,Married-civ-spouse,Male,White,20
45,208049.0,Assoc-acdm,Divorced,Female,White,40
58,81038.0,Some-college,Married-civ-spouse,Male,White,12
23,315449.0,Some-college,Never-married,Male,Black,20
60,135158.0,Some-college,Married-civ-spouse,Male,White,48
71,139031.0,HS-grad,Widowed,Female,White,40
46,358533.0,Some-college,Married-civ-spouse,Male,Black,40
45,34307.0,Bachelors,Divorced,Female,White,40
55,227856.0,Bachelors,Married-civ-spouse,Male,White,60
33,206707.0,HS-grad,Divorced,Male,White,40
35,107991.0,11th,Never-married,Male,White,45
46,91608.0,Prof-school,Married-civ-spouse,Male,White,40
19,386378.0,Some-college,Never-married,Male,White,20
47,218596.0,Assoc-voc,Divorced,Female,White,40
31,121055.0,HS-grad,Married-civ-spouse,Male,White,70
62,242341.0,Some-college,Divorced,Male,Amer-Indian-Eskimo,40
34,98101.0,7th-8th,Married-civ-spouse,Male,White,40
37,355856.0,Bachelors,Married-civ-spouse,Male,Asian-Pac-Islander,40
44,267790.0,9th,Never-married,Female,Black,40
46,251474.0,Bachelors,Married-civ-spouse,Male,White,60
47,246891.0,Bachelors,Married-civ-spouse,Male,White,45
63,298249.0,Bachelors,Married-civ-spouse,Male,White,40
27,204098.0,HS-grad,Married-civ-spouse,Male,White,50
67,220283.0,HS-grad,Divorced,Female,White,20
23,191165.0,Some-college,Never-married,Male,White,15
23,82067.0,Some-college,Never-married,Male,White,30
24,324960.0,Assoc-acdm,Never-married,Male,White,30
22,181434.0,HS-grad,Never-married,Male,Black,40
30,229741.0,HS-grad,Married-civ-spouse,Male,White,40
25,191782.0,11th,Never-married,Female,Black,40
66,344436.0,HS-grad,Widowed,Female,White,8
19,118535.0,12th,Never-married,Female,White,18
38,195686.0,Some-college,Married-civ-spouse,Male,White,40
40,77357.0,Prof-school,Married-civ-spouse,Male,White,40
73,159691.0,Some-college,Divorced,Female,White,40
33,280111.0,11th,Never-married,Female,Black,38
43,346189.0,Masters,Married-civ-spouse,Male,White,50
29,237865.0,Masters,Never-married,Male,Black,40
41,260761.0,Some-college,Married-civ-spouse,Male,White,40
34,318982.0,Masters,Married-civ-spouse,Male,White,40
45,151518.0,HS-grad,Married-civ-spouse,Male,White,45
36,111128.0,HS-grad,Separated,Male,White,40
33,348152.0,Some-college,Never-married,Male,White,40
24,353696.0,Some-college,Never-married,Male,White,20
45,38950.0,Bachelors,Never-married,Male,White,40
34,209768.0,HS-grad,Married-civ-spouse,Male,White,40
22,41763.0,HS-grad,Married-civ-spouse,Male,White,42
49,175428.0,Some-college,Married-civ-spouse,Male,White,40
37,257295.0,Some-college,Married-civ-spouse,Male,Asian-Pac-Islander,75
44,306440.0,HS-grad,Divorced,Male,White,40
47,278900.0,HS-grad,Married-civ-spouse,Male,White,40
36,231082.0,Bachelors,Divorced,Female,White,50
28,197484.0,HS-grad,Never-married,Male,White,40
33,376483.0,Some-college,Divorced,Female,Black,40
19,229756.0,HS-grad,Never-married,Male,White,50
24,140500.0,10th,Never-married,Female,White,40
30,393965.0,Assoc-acdm,Divorced,Female,White,25
32,250853.0,Assoc-voc,Divorced,Male,White,40
32,344696.0,Some-college,Never-married,Female,White,40
65,195695.0,HS-grad,Divorced,Female,White,40
32,131584.0,HS-grad,Married-civ-spouse,Male,White,40
48,162187.0,Bachelors,Married-civ-spouse,Male,White,48
31,181434.0,Bachelors,Married-civ-spouse,Male,White,44
23,197613.0,Some-college,Never-married,Female,White,40
24,199444.0,Bachelors,Never-married,Female,White,15
56,198277.0,12th,Never-married,Male,White,40
38,308686.0,Bachelors,Married-civ-spouse,Male,White,70
19,255176.0,HS-grad,Never-married,Female,White,20
25,173212.0,Bachelors,Never-married,Male,White,40
39,103456.0,Bachelors,Married-civ-spouse,Male,White,45
62,291904.0,HS-grad,Divorced,Female,Black,20
37,52870.0,Bachelors,Married-civ-spouse,Male,White,40
57,172654.0,Prof-school,Married-civ-spouse,Male,White,50
75,186808.0,11th,Married-civ-spouse,Male,Black,50
50,271262.0,HS-grad,Married-civ-spouse,Male,White,40
25,208591.0,HS-grad,Never-married,Male,White,40
49,165229.0,Assoc-voc,Married-civ-spouse,Male,White,40
32,151868.0,HS-grad,Married-civ-spouse,Male,White,65
28,167737.0,Bachelors,Widowed,Male,White,50
46,131091.0,Bachelors,Married-civ-spouse,Male,White,40
33,262439.0,HS-grad,Married-civ-spouse,Female,White,35
48,99127.0,Assoc-acdm,Married-civ-spouse,Male,White,45
52,370552.0,Preschool,Married-civ-spouse,Male,White,40
23,203353.0,Bachelors,Never-married,Female,White,45
57,36091.0,HS-grad,Separated,Female,Amer-Indian-Eskimo,40
31,57151.0,Some-college,Never-married,Male,White,40
44,172479.0,HS-grad,Married-civ-spouse,Male,White,60
31,206609.0,10th,Never-married,Male,White,60
23,124971.0,Some-college,Divorced,Male,White,40
28,202222.0,Bachelors,Never-married,Male,White,40
54,175262.0,7th-8th,Married-civ-spouse,Male,White,40
31,225779.0,HS-grad,Never-married,Female,White,40
59,100313.0,HS-grad,Married-civ-spouse,Male,White,40
34,405713.0,Some-college,Divorced,Female,White,40
21,244074.0,HS-grad,Never-married,Female,White,22
18,77845.0,Some-college,Never-married,Male,White,15
43,95246.0,Prof-school,Married-civ-spouse,Female,White,5
35,280570.0,HS-grad,Married-civ-spouse,Male,White,35
30,203488.0,HS-grad,Never-married,Male,White,50
42,117227.0,Masters,Divorced,Female,White,45
40,220563.0,12th,Divorced,Male,White,40
48,30289.0,10th,Married-civ-spouse,Male,White,30
35,99146.0,Assoc-voc,Married-civ-spouse,Male,White,55
28,308709.0,Bachelors,Never-married,Female,White,48
49,191681.0,Some-college,Married-civ-spouse,Male,White,50
45,176517.0,Assoc-acdm,Divorced,Female,White,50
21,38772.0,Some-college,Never-married,Male,White,20
20,421474.0,Some-college,Never-married,Male,White,20
30,185384.0,Some-college,Married-civ-spouse,Female,White,25
49,46537.0,HS-grad,Divorced,Female,White,10
21,204425.0,Some-college,Never-married,Female,White,20
27,131310.0,Some-college,Married-civ-spouse,Female,White,40
42,54583.0,Bachelors,Divorced,Female,White,30
45,102288.0,Some-college,Divorced,Female,White,40
48,247043.0,HS-grad,Divorced,Male,White,40
55,117477.0,11th,Married-spouse-absent,Female,Black,40
48,196107.0,HS-grad,Divorced,Female,White,30
25,176520.0,HS-grad,Never-married,Male,White,40
21,170456.0,Some-college,Never-married,Male,White,35
26,89389.0,Some-college,Divorced,Female,White,40
28,31778.0,Bachelors,Never-married,Male,White,40
49,27802.0,Some-college,Married-civ-spouse,Male,White,40
30,363296.0,HS-grad,Never-married,Male,Black,72
35,170195.0,Some-college,Married-civ-spouse,Male,White,40
31,227146.0,Bachelors,Married-civ-spouse,Male,White,55
47,272182.0,Some-college,Never-married,Male,Black,40
30,148524.0,HS-grad,Married-civ-spouse,Male,White,40
54,183611.0,Some-college,Married-civ-spouse,Male,White,50
22,262819.0,Some-college,Never-married,Female,White,40
21,54472.0,HS-grad,Never-married,Female,White,40
20,124751.0,Some-college,Never-married,Female,White,24
22,181434.0,Some-college,Never-married,Male,White,20
41,152617.0,HS-grad,Divorced,Female,White,40
30,137606.0,HS-grad,Married-civ-spouse,Male,White,40
50,173224.0,Masters,Married-civ-spouse,Female,White,40
31,254304.0,10th,Divorced,Male,White,38
23,117606.0,Bachelors,Never-married,Female,White,40
44,181434.0,HS-grad,Divorced,Female,White,48
38,200904.0,10th,Separated,Female,Black,40
27,409815.0,Some-college,Divorced,Female,Black,50
32,158002.0,Some-college,Never-married,Male,White,55
48,146497.0,Bachelors,Married-civ-spouse,Female,White,50
29,109001.0,Some-college,Married-civ-spouse,Male,White,35
46,54985.0,HS-grad,Married-civ-spouse,Male,White,40
31,283587.0,HS-grad,Married-civ-spouse,Male,White,50
46,303918.0,HS-grad,Married-civ-spouse,Male,White,96
47,324791.0,Masters,Married-civ-spouse,Male,White,50
24,165201.0,Some-college,Married-civ-spouse,Female,White,45
24,187397.0,Some-college,Never-married,Male,Other,40
20,182200.0,HS-grad,Never-married,Female,White,30
30,68330.0,Some-college,Married-civ-spouse,Male,White,50
45,264526.0,Assoc-acdm,Divorced,Male,White,40
62,114060.0,7th-8th,Married-civ-spouse,Male,White,91
47,98726.0,Bachelors,Married-spouse-absent,Female,White,40
30,48458.0,Some-college,Never-married,Female,Black,40
33,180551.0,Some-college,Separated,Female,White,40
32,63564.0,HS-grad,Never-married,Female,Black,40
45,259087.0,Masters,Divorced,Female,White,45
21,283969.0,HS-grad,Never-married,Male,White,40
33,281030.0,HS-grad,Married-civ-spouse,Male,White,94
29,196116.0,Prof-school,Divorced,Female,White,72
54,187686.0,Some-college,Divorced,Female,White,38
36,321274.0,Some-college,Married-civ-spouse,Male,White,40
58,190747.0,HS-grad,Married-civ-spouse,Male,White,40
25,181434.0,Bachelors,Married-civ-spouse,Female,Black,40
27,181434.0,11th,Married-civ-spouse,Male,White,40
29,132267.0,Assoc-acdm,Married-civ-spouse,Male,White,60
47,129513.0,Bachelors,Married-civ-spouse,Male,White,60
35,224889.0,Bachelors,Married-civ-spouse,Male,White,40
57,109638.0,Some-college,Married-civ-spouse,Male,White,45
42,197522.0,Some-college,Separated,Female,Black,40
34,185041.0,HS-grad,Never-married,Female,White,45
36,154835.0,HS-grad,Separated,Female,Asian-Pac-Islander,40
37,186934.0,Bachelors,Married-civ-spouse,Male,White,40
31,403468.0,Some-college,Separated,Female,White,50
42,195124.0,7th-8th,Married-spouse-absent,Male,White,35
40,181434.0,HS-grad,Never-married,Male,White,25
46,344415.0,Masters,Married-civ-spouse,Male,White,40
44,163215.0,12th,Divorced,Female,White,40
22,237498.0,HS-grad,Never-married,Male,White,40
45,320192.0,1st-4th,Married-civ-spouse,Female,White,40
47,47270.0,Assoc-acdm,Separated,Female,Black,40
23,219122.0,Some-college,Never-married,Male,White,40
22,236684.0,Assoc-voc,Never-married,Female,Black,36
26,158734.0,Masters,Never-married,Female,White,40
21,137320.0,Some-college,Never-married,Male,Black,20
66,298834.0,Assoc-voc,Married-civ-spouse,Male,White,50
42,227466.0,HS-grad,Never-married,Male,Black,40
41,131591.0,HS-grad,Married-civ-spouse,Male,Black,45
32,125279.0,HS-grad,Divorced,Male,White,99
45,215620.0,HS-grad,Divorced,Male,White,40
54,307973.0,HS-grad,Married-civ-spouse,Male,White,40
26,284343.0,Assoc-acdm,Never-married,Male,White,40
42,228456.0,Bachelors,Separated,Male,Black,50
31,136402.0,Assoc-acdm,Married-civ-spouse,Male,White,40
39,147850.0,HS-grad,Married-civ-spouse,Male,White,30
33,182714.0,Prof-school,Never-married,Female,White,65
31,62932.0,HS-grad,Never-married,Male,White,40
18,181434.0,11th,Never-married,Male,White,20
23,80680.0,Some-college,Married-civ-spouse,Female,White,16
27,196044.0,Some-college,Married-civ-spouse,Male,White,60
26,239877.0,Bachelors,Never-married,Female,White,40
49,304246.0,Masters,Separated,Female,White,70
24,172987.0,Bachelors,Married-civ-spouse,Male,White,50
56,175127.0,HS-grad,Divorced,Male,White,35
28,139568.0,11th,Never-married,Male,White,40
31,206857.0,HS-grad,Never-married,Female,White,40
37,295949.0,HS-grad,Married-civ-spouse,Male,White,40
23,184589.0,Bachelors,Never-married,Female,White,21
73,46514.0,HS-grad,Married-civ-spouse,Female,White,25
45,252208.0,HS-grad,Separated,Female,White,40
35,167990.0,9th,Married-civ-spouse,Male,White,40
59,190997.0,10th,Married-civ-spouse,Male,White,36
31,260782.0,Some-college,Married-civ-spouse,Male,White,45
31,220669.0,Bachelors,Never-married,Female,White,40
39,156261.0,Some-college,Divorced,Female,White,38
70,184176.0,HS-grad,Divorced,Female,White,28
60,123218.0,Some-college,Married-civ-spouse,Male,White,40
35,199352.0,Prof-school,Married-civ-spouse,Male,White,80
56,217775.0,HS-grad,Divorced,Male,White,50
65,178934.0,HS-grad,Widowed,Female,Black,20
30,183801.0,HS-grad,Married-civ-spouse,Male,White,40
45,137604.0,Some-college,Never-married,Male,White,40
40,77975.0,HS-grad,Married-civ-spouse,Male,White,40
39,178100.0,Masters,Divorced,Female,White,40
38,178678.0,10th,Divorced,Female,White,50
21,118712.0,HS-grad,Never-married,Male,White,35
59,99131.0,HS-grad,Never-married,Female,White,40
30,68330.0,Bachelors,Never-married,Male,White,40
33,26252.0,Assoc-acdm,Never-married,Female,Amer-Indian-Eskimo,40
29,413297.0,Assoc-acdm,Never-married,Male,White,45
46,164877.0,Some-college,Married-civ-spouse,Male,White,44
40,259307.0,Masters,Married-civ-spouse,Male,White,50
35,348771.0,11th,Married-civ-spouse,Male,White,36
38,296212.0,Bachelors,Married-civ-spouse,Male,White,45
32,237582.0,Assoc-voc,Never-married,Female,White,38
52,177366.0,HS-grad,Separated,Female,White,20
62,201928.0,HS-grad,Widowed,Female,Black,40
48,199058.0,Masters,Married-civ-spouse,Male,White,40
37,77820.0,Bachelors,Married-civ-spouse,Male,White,50
29,109814.0,Bachelors,Never-married,Male,White,40
40,178983.0,HS-grad,Married-civ-spouse,Female,White,30
60,116707.0,Some-college,Married-civ-spouse,Male,White,40
90,206667.0,Masters,Married-civ-spouse,Female,White,40
37,278576.0,HS-grad,Married-civ-spouse,Male,White,60
37,144322.0,Assoc-voc,Never-married,Female,White,43
26,395206.0,Some-college,Never-married,Male,White,40
24,229005.0,Some-college,Never-married,Female,Black,40
43,168412.0,HS-grad,Married-civ-spouse,Female,White,44
46,354962.0,HS-grad,Married-civ-spouse,Male,Black,40
18,294263.0,HS-grad,Never-married,Female,White,9
55,396878.0,Some-college,Married-civ-spouse,Male,Black,25
23,208908.0,Bachelors,Never-married,Female,White,30
52,48413.0,HS-grad,Married-civ-spouse,Male,White,40
25,104662.0,HS-grad,Never-married,Female,White,22
20,159297.0,Some-college,Never-married,Female,Asian-Pac-Islander,15
25,199545.0,HS-grad,Never-married,Female,White,35
25,67222.0,Some-college,Never-married,Male,Asian-Pac-Islander,40
39,113749.0,9th,Married-civ-spouse,Male,White,40
40,197919.0,Assoc-acdm,Divorced,Female,White,40
62,166894.0,HS-grad,Married-civ-spouse,Male,White,60
21,256504.0,HS-grad,Never-married,Female,White,40
43,350387.0,HS-grad,Married-civ-spouse,Male,White,60
49,348751.0,7th-8th,Married-civ-spouse,Male,White,40
36,178487.0,HS-grad,Never-married,Male,White,40
33,255058.0,Bachelors,Divorced,Male,White,40
62,104849.0,Masters,Married-civ-spouse,Male,Asian-Pac-Islander,40
24,161508.0,HS-grad,Never-married,Male,White,50
22,117210.0,Some-college,Never-married,Male,White,25
45,175625.0,HS-grad,Separated,Female,White,38
55,271795.0,HS-grad,Married-civ-spouse,Male,White,40
50,69345.0,HS-grad,Married-civ-spouse,Male,White,44
25,177499.0,Bachelors,Never-married,Male,White,35
21,57711.0,HS-grad,Never-married,Female,White,30
28,175406.0,Masters,Married-civ-spouse,Female,White,30
32,87310.0,HS-grad,Married-civ-spouse,Male,White,41
42,377018.0,11th,Married-civ-spouse,Male,White,40
49,230796.0,HS-grad,Divorced,Female,White,40
62,143943.0,Bachelors,Widowed,Female,White,7
17,242718.0,11th,Never-married,Male,White,12
26,274724.0,Some-college,Never-married,Male,White,40
21,156807.0,HS-grad,Never-married,Male,Black,10
29,179681.0,HS-grad,Never-married,Female,White,37
55,116442.0,HS-grad,Never-married,Male,White,38
36,403681.0,Bachelors,Married-civ-spouse,Male,White,40
44,179557.0,HS-grad,Married-civ-spouse,Male,White,45
34,405386.0,Some-college,Never-married,Male,Black,28
30,225053.0,HS-grad,Married-civ-spouse,Male,White,50
24,373628.0,Bachelors,Never-married,Female,White,40
46,59767.0,Some-college,Divorced,Male,White,50
26,290286.0,HS-grad,Never-married,Male,Black,40
47,398652.0,HS-grad,Married-civ-spouse,Male,White,50
27,137645.0,Bachelors,Never-married,Female,Black,40
64,195366.0,Bachelors,Married-civ-spouse,Male,White,40
33,251990.0,HS-grad,Separated,Male,Other,37
39,56648.0,HS-grad,Separated,Female,White,47
25,192149.0,Bachelors,Never-married,Female,White,40
52,175622.0,Assoc-voc,Divorced,Female,White,40
36,107302.0,HS-grad,Married-civ-spouse,Male,White,50
48,199763.0,HS-grad,Married-civ-spouse,Female,White,8
43,265072.0,Bachelors,Never-married,Male,Asian-Pac-Islander,50
56,176118.0,HS-grad,Married-civ-spouse,Male,White,40
34,231826.0,HS-grad,Married-civ-spouse,Male,White,40
36,219745.0,HS-grad,Separated,Male,White,40
52,203635.0,Bachelors,Married-civ-spouse,Male,White,65
31,41493.0,Bachelors,Never-married,Female,White,45
23,72143.0,Bachelors,Never-married,Female,White,40
46,318259.0,Some-college,Separated,Female,White,55
29,118520.0,HS-grad,Married-civ-spouse,Male,White,42
26,226288.0,Bachelors,Never-married,Male,White,40
32,231263.0,Some-college,Married-civ-spouse,Male,White,50
41,93227.0,Bachelors,Married-civ-spouse,Male,Asian-Pac-Islander,60
21,181434.0,HS-grad,Never-married,Male,White,50
27,104329.0,11th,Married-civ-spouse,Male,White,40
18,83451.0,HS-grad,Never-married,Female,White,30
59,130532.0,Some-college,Widowed,Female,White,40
37,224700.0,Assoc-voc,Divorced,Male,Black,40
54,160636.0,HS-grad,Never-married,Female,White,40
58,27385.0,HS-grad,Married-civ-spouse,Male,White,60
41,174575.0,HS-grad,Married-civ-spouse,Male,White,45
26,193945.0,Masters,Never-married,Male,White,60
20,227778.0,Some-college,Never-married,Female,White,56
24,205865.0,HS-grad,Never-married,Male,White,45
55,255364.0,Some-college,Married-civ-spouse,Male,White,40
40,353432.0,10th,Divorced,Female,White,35
63,100099.0,9th,Married-civ-spouse,Male,White,40
55,147098.0,9th,Married-civ-spouse,Male,White,50
21,149809.0,HS-grad,Never-married,Male,White,24
30,100135.0,Bachelors,Never-married,Female,White,40
23,179413.0,HS-grad,Married-civ-spouse,Male,White,40
39,29874.0,HS-grad,Married-civ-spouse,Male,White,54
42,200574.0,Some-college,Married-civ-spouse,Male,White,40
40,377018.0,Bachelors,Married-civ-spouse,Male,White,60
37,365465.0,HS-grad,Separated,Male,White,70
64,43738.0,Doctorate,Widowed,Male,White,80
36,127740.0,HS-grad,Married-civ-spouse,Male,White,99
30,177596.0,Some-college,Never-married,Female,White,36
33,100228.0,Some-college,Never-married,Male,Black,40
59,200316.0,HS-grad,Married-civ-spouse,Male,White,40
61,268797.0,HS-grad,Married-civ-spouse,Female,Black,17
64,181530.0,Prof-school,Married-civ-spouse,Male,White,40
24,228686.0,Some-college,Never-married,Male,White,45
25,177625.0,HS-grad,Never-married,Male,White,40
59,272087.0,HS-grad,Married-civ-spouse,Male,White,40
35,122353.0,HS-grad,Married-civ-spouse,Male,White,40
58,98361.0,HS-grad,Married-civ-spouse,Male,White,40
35,342642.0,Masters,Married-spouse-absent,Male,White,40
49,32184.0,HS-grad,Divorced,Female,White,36
44,128586.0,Bachelors,Never-married,Male,White,40
36,184435.0,11th,Never-married,Male,Black,40
45,168191.0,HS-grad,Married-civ-spouse,Male,White,40
42,255847.0,HS-grad,Married-civ-spouse,Male,White,48
36,219155.0,Some-college,Married-civ-spouse,Male,White,50
30,328734.0,10th,Never-married,Female,White,40
53,403121.0,HS-grad,Divorced,Female,White,30
38,223433.0,HS-grad,Never-married,Male,White,40
21,92898.0,HS-grad,Never-married,Female,White,40
42,322385.0,Assoc-voc,Married-civ-spouse,Male,White,40
33,169879.0,Bachelors,Married-civ-spouse,Male,White,47
24,201680.0,Some-college,Never-married,Male,White,40
24,36058.0,Bachelors,Never-married,Male,White,50
32,111363.0,Prof-school,Married-civ-spouse,Male,White,75
21,237651.0,Some-college,Never-married,Male,White,35
36,157184.0,HS-grad,Married-civ-spouse,Male,Other,40
44,174325.0,Some-college,Married-civ-spouse,Male,Black,40
25,197036.0,10th,Never-married,Male,White,40
23,65038.0,HS-grad,Never-married,Male,White,40
41,219591.0,HS-grad,Never-married,Male,White,40
31,373903.0,Bachelors,Married-civ-spouse,Male,White,40
24,211345.0,Some-college,Never-married,Female,White,40
19,188669.0,Some-college,Never-married,Female,White,25
18,113814.0,HS-grad,Never-married,Male,White,40
46,116635.0,Bachelors,Separated,Female,Black,36
35,152909.0,Bachelors,Married-civ-spouse,Male,White,45
28,183523.0,Assoc-acdm,Never-married,Male,White,35
18,183034.0,Some-college,Never-married,Male,Black,35
53,329222.0,Bachelors,Married-civ-spouse,Male,Asian-Pac-Islander,40
38,87556.0,Some-college,Married-civ-spouse,Male,White,40
47,62143.0,Masters,Married-civ-spouse,Female,White,40
52,145409.0,Some-college,Married-civ-spouse,Male,White,60
39,163205.0,Bachelors,Separated,Male,White,50
34,27565.0,Assoc-voc,Married-civ-spouse,Female,Amer-Indian-Eskimo,27
31,197193.0,HS-grad,Never-married,Male,White,27
31,208881.0,Some-college,Married-civ-spouse,Male,White,40
45,168556.0,Some-college,Divorced,Male,White,40
55,254949.0,HS-grad,Married-civ-spouse,Male,White,40
31,329874.0,Some-college,Never-married,Male,White,40
38,283122.0,HS-grad,Married-civ-spouse,Male,White,40
51,302146.0,11th,Never-married,Female,Black,40
41,247081.0,Some-college,Married-civ-spouse,Male,White,40
33,34848.0,Some-college,Married-civ-spouse,Male,White,40
28,39388.0,Assoc-voc,Married-civ-spouse,Male,White,60
61,280088.0,7th-8th,Divorced,Female,White,40
62,136314.0,Some-college,Married-civ-spouse,Female,White,40
49,34998.0,Some-college,Married-civ-spouse,Male,White,60
48,207848.0,10th,Married-civ-spouse,Female,White,40
53,242859.0,Some-college,Separated,Male,White,40
29,181434.0,Bachelors,Married-civ-spouse,Male,White,40
43,167151.0,Bachelors,Divorced,Female,Black,60
40,99185.0,Bachelors,Married-civ-spouse,Male,White,60
37,97925.0,HS-grad,Divorced,Female,White,40
32,294121.0,Assoc-voc,Divorced,Female,White,40
34,199539.0,Assoc-voc,Married-civ-spouse,Male,White,48
48,285335.0,11th,Married-civ-spouse,Male,White,50
27,120126.0,9th,Never-married,Male,White,40
32,321313.0,Masters,Never-married,Male,Black,40
61,96073.0,Prof-school,Married-civ-spouse,Male,White,50
38,189614.0,Some-college,Married-civ-spouse,Female,White,40
28,115549.0,Some-college,Never-married,Male,White,60
69,76939.0,HS-grad,Widowed,Female,White,40
42,188615.0,Some-college,Separated,Male,White,50
30,181434.0,10th,Married-civ-spouse,Male,White,40
17,147069.0,11th,Never-married,Female,White,16
23,71996.0,Bachelors,Never-married,Female,Asian-Pac-Islander,52
31,240771.0,Some-college,Married-civ-spouse,Male,White,50
30,374454.0,HS-grad,Divorced,Male,Black,40
48,24366.0,Assoc-voc,Married-civ-spouse,Male,Amer-Indian-Eskimo,40
45,277630.0,Some-college,Divorced,Male,Black,48
30,251825.0,Assoc-acdm,Never-married,Female,Black,40
19,163015.0,Some-college,Never-married,Female,White,20
41,181434.0,HS-grad,Married-civ-spouse,Male,White,40
24,70261.0,HS-grad,Never-married,Male,White,40
59,162136.0,Some-college,Divorced,Male,White,56
50,258819.0,Some-college,Divorced,Male,White,40
52,123011.0,Some-college,Married-civ-spouse,Male,White,45
36,166606.0,HS-grad,Married-civ-spouse,Male,White,40
44,228516.0,HS-grad,Never-married,Male,White,20
28,269246.0,11th,Married-civ-spouse,Male,White,40
22,189277.0,HS-grad,Never-married,Female,Black,40
48,125120.0,Some-college,Married-civ-spouse,Female,White,37
23,152328.0,Some-college,Never-married,Male,White,40
35,149347.0,Some-college,Married-civ-spouse,Male,White,45
25,259300.0,Bachelors,Never-married,Female,White,16
57,181434.0,HS-grad,Married-civ-spouse,Male,White,40
30,191385.0,11th,Married-civ-spouse,Male,White,40
36,113481.0,HS-grad,Divorced,Male,White,40
27,167336.0,Some-college,Never-married,Female,White,39
26,265230.0,Bachelors,Never-married,Female,Black,40
26,318934.0,10th,Married-civ-spouse,Male,White,40
58,104476.0,Some-college,Separated,Female,White,40
48,104542.0,Masters,Widowed,Female,White,40
48,88564.0,Some-college,Divorced,Male,White,45
31,303942.0,Some-college,Married-civ-spouse,Male,White,50
34,96480.0,Some-college,Separated,Female,White,40
39,365465.0,HS-grad,Married-civ-spouse,Male,White,40
58,259929.0,Doctorate,Never-married,Female,White,43
62,202958.0,Some-college,Married-civ-spouse,Male,White,40
30,137613.0,Masters,Married-civ-spouse,Male,Asian-Pac-Islander,17
68,191517.0,Some-college,Widowed,Male,White,40
44,210527.0,Some-college,Never-married,Female,Black,40
43,180138.0,HS-grad,Never-married,Male,White,45
18,80163.0,Some-college,Never-married,Female,White,20
57,211678.0,10th,Divorced,Male,White,64
41,149909.0,Bachelors,Married-civ-spouse,Male,White,50
49,127111.0,HS-grad,Married-civ-spouse,Male,White,50
56,157786.0,HS-grad,Married-civ-spouse,Male,White,48
33,256529.0,HS-grad,Separated,Female,White,80
51,360131.0,5th-6th,Married-civ-spouse,Female,White,40
34,201156.0,11th,Never-married,Female,White,30
51,258735.0,HS-grad,Divorced,Male,White,81
29,178469.0,HS-grad,Never-married,Female,White,40
43,311177.0,Some-college,Never-married,Male,Black,30
18,301948.0,HS-grad,Never-married,Male,White,3
40,118001.0,HS-grad,Never-married,Male,Black,40
74,148003.0,Bachelors,Married-civ-spouse,Female,White,6
29,212895.0,Assoc-acdm,Never-married,Male,White,35
55,61708.0,HS-grad,Married-civ-spouse,Male,White,50
48,76482.0,Some-college,Married-civ-spouse,Male,White,50
34,349169.0,Masters,Married-civ-spouse,Male,White,40
50,99476.0,Masters,Divorced,Female,White,35
26,57512.0,Assoc-voc,Never-married,Male,White,48
25,277444.0,Bachelors,Married-civ-spouse,Male,White,50
51,146181.0,9th,Married-civ-spouse,Male,Black,40
43,334946.0,HS-grad,Married-civ-spouse,Male,Black,40
36,131766.0,Assoc-acdm,Never-married,Female,White,40
46,371373.0,HS-grad,Divorced,Male,White,40
39,163057.0,Some-college,Divorced,Male,White,99
28,204984.0,Bachelors,Never-married,Male,White,45
22,146538.0,HS-grad,Never-married,Male,White,40
52,177647.0,HS-grad,Divorced,Male,White,47
37,277022.0,HS-grad,Never-married,Female,White,40
38,343403.0,Assoc-acdm,Divorced,Female,White,16
53,99476.0,HS-grad,Divorced,Female,White,38
34,261418.0,HS-grad,Married-civ-spouse,Male,White,40
21,113163.0,Some-college,Never-married,Male,White,50
24,213427.0,HS-grad,Never-married,Male,White,40
51,221532.0,Bachelors,Divorced,Male,White,40
41,223763.0,HS-grad,Divorced,Male,White,40
54,123011.0,HS-grad,Married-civ-spouse,Male,White,40
66,186324.0,Bachelors,Married-civ-spouse,Male,White,5
25,311124.0,Prof-school,Never-married,Female,White,20
62,416829.0,11th,Separated,Female,Black,21
50,283676.0,Doctorate,Married-civ-spouse,Male,White,60
19,41400.0,HS-grad,Never-married,Male,White,30
29,187392.0,HS-grad,Never-married,Female,White,40
44,106900.0,Masters,Married-civ-spouse,Male,White,50
44,112507.0,5th-6th,Married-civ-spouse,Male,White,40
35,60135.0,10th,Married-civ-spouse,Female,White,40
53,167914.0,Assoc-acdm,Never-married,Male,White,50
62,123582.0,10th,Divorced,Female,White,40
52,192386.0,Masters,Married-civ-spouse,Male,White,40
25,176836.0,Some-college,Never-married,Female,White,60
36,182898.0,Bachelors,Married-civ-spouse,Male,White,40
41,178510.0,Bachelors,Divorced,Male,White,45
30,154548.0,Masters,Divorced,Female,White,65
35,288158.0,HS-grad,Married-civ-spouse,Male,White,40
53,162576.0,7th-8th,Married-civ-spouse,Male,White,99
50,196975.0,HS-grad,Married-civ-spouse,Male,White,40
24,161638.0,HS-grad,Married-civ-spouse,Female,White,40
28,191088.0,HS-grad,Divorced,Female,White,52
28,67661.0,Some-college,Never-married,Female,White,40
32,171215.0,Some-college,Divorced,Male,White,48
22,355686.0,Some-college,Never-married,Female,White,40
20,224640.0,Assoc-acdm,Never-married,Female,White,40
39,149347.0,Masters,Never-married,Male,White,40
68,182574.0,Some-college,Widowed,Female,White,29
30,143766.0,Bachelors,Married-civ-spouse,Male,White,40
56,114231.0,10th,Widowed,Female,White,25
45,327886.0,Prof-school,Never-married,Male,White,40
30,264936.0,Bachelors,Separated,Female,White,40
24,332194.0,9th,Never-married,Male,Black,40
29,370509.0,Bachelors,Married-civ-spouse,Male,White,50
28,398918.0,Bachelors,Never-married,Male,White,50
37,340614.0,Masters,Married-civ-spouse,Male,White,50
18,335665.0,11th,Never-married,Female,Black,24
48,50459.0,HS-grad,Divorced,Male,White,40
23,257683.0,Bachelors,Never-married,Male,White,40
63,261995.0,Some-college,Married-civ-spouse,Male,White,40
36,113337.0,Some-college,Married-civ-spouse,Male,White,42
25,21472.0,Some-college,Never-married,Female,White,22
40,114714.0,Doctorate,Married-civ-spouse,Male,Asian-Pac-Islander,40
53,156877.0,HS-grad,Married-civ-spouse,Male,White,35
23,208238.0,10th,Never-married,Female,White,20
25,272167.0,Bachelors,Never-married,Male,White,30
35,32528.0,Some-college,Married-civ-spouse,Male,White,40
57,337001.0,Masters,Married-civ-spouse,Male,White,45
37,348960.0,Assoc-acdm,Married-civ-spouse,Male,White,50
70,117464.0,HS-grad,Married-civ-spouse,Male,White,16
27,133696.0,Some-college,Married-civ-spouse,Male,White,88
50,301024.0,Bachelors,Separated,Male,White,40
58,126991.0,HS-grad,Divorced,Female,Black,20
36,115336.0,Assoc-voc,Married-civ-spouse,Female,White,50
33,237833.0,Some-college,Divorced,Female,White,40
49,116927.0,Bachelors,Married-civ-spouse,Male,White,60
23,324960.0,HS-grad,Never-married,Male,White,40
59,124771.0,Bachelors,Married-civ-spouse,Male,White,30
50,166423.0,HS-grad,Married-civ-spouse,Female,White,40
55,234125.0,HS-grad,Married-civ-spouse,Male,White,40
47,156728.0,HS-grad,Married-civ-spouse,Male,White,55
55,180497.0,Assoc-acdm,Divorced,Female,White,52
57,190997.0,Bachelors,Married-civ-spouse,Male,White,50
45,249935.0,Bachelors,Married-civ-spouse,Male,White,60
37,186934.0,HS-grad,Married-civ-spouse,Male,White,60
33,173806.0,Masters,Never-married,Male,White,30
25,213383.0,Some-college,Never-married,Male,White,40
27,167737.0,12th,Never-married,Male,White,45
27,128365.0,Bachelors,Never-married,Male,White,40
33,114691.0,Bachelors,Married-civ-spouse,Male,White,60
40,279914.0,Prof-school,Married-civ-spouse,Male,White,40
39,115289.0,Assoc-acdm,Married-civ-spouse,Male,White,40
67,411007.0,HS-grad,Widowed,Female,White,40
34,204461.0,Doctorate,Married-civ-spouse,Male,White,60
30,154587.0,HS-grad,Never-married,Male,White,40
21,118693.0,Some-college,Never-married,Male,White,40
48,65353.0,Assoc-voc,Married-civ-spouse,Male,White,42
32,171091.0,HS-grad,Married-civ-spouse,Male,White,50
32,79586.0,Bachelors,Married-civ-spouse,Male,Asian-Pac-Islander,40
37,287031.0,Masters,Married-civ-spouse,Male,White,50
58,147707.0,11th,Married-civ-spouse,Male,White,40
52,155233.0,Some-college,Divorced,Female,White,40
50,68898.0,Assoc-voc,Married-civ-spouse,Male,White,40
23,141427.0,Bachelors,Never-married,Female,Black,40
61,213321.0,Some-college,Married-civ-spouse,Male,White,40
51,162745.0,HS-grad,Married-civ-spouse,Male,White,50
40,137142.0,HS-grad,Married-civ-spouse,Male,White,40
38,34180.0,Some-college,Married-civ-spouse,Male,White,40
26,182380.0,HS-grad,Divorced,Male,White,40
59,91384.0,Doctorate,Married-civ-spouse,Male,White,60
60,234854.0,Doctorate,Married-civ-spouse,Male,White,40
30,195488.0,HS-grad,Never-married,Female,White,40
26,288592.0,HS-grad,Never-married,Female,White,40
37,176073.0,Some-college,Divorced,Male,White,50
39,190987.0,Assoc-voc,Divorced,Female,White,50
25,117833.0,Some-college,Married-civ-spouse,Female,White,19
36,164526.0,Masters,Never-married,Male,White,45
63,110890.0,Masters,Divorced,Male,White,70
41,228847.0,Some-college,Married-civ-spouse,Male,White,40
49,44671.0,Assoc-acdm,Married-civ-spouse,Male,White,40
66,185336.0,HS-grad,Widowed,Female,White,35
21,129350.0,Some-college,Never-married,Male,White,40
52,136175.0,Some-college,Married-civ-spouse,Male,White,35
49,107399.0,HS-grad,Separated,Female,White,40
46,138370.0,7th-8th,Married-civ-spouse,Male,Asian-Pac-Islander,40
26,167848.0,HS-grad,Never-married,Male,Black,40
45,318280.0,HS-grad,Widowed,Male,White,40
23,216811.0,HS-grad,Never-married,Female,White,16
45,186256.0,HS-grad,Divorced,Male,White,40
61,160155.0,Some-college,Married-civ-spouse,Male,White,40
41,210259.0,Some-college,Divorced,Female,Black,37
27,240809.0,Some-college,Never-married,Female,White,56
25,224361.0,HS-grad,Never-married,Male,White,40
82,240491.0,HS-grad,Married-civ-spouse,Male,White,40
36,77820.0,Some-college,Married-civ-spouse,Male,White,40
55,125000.0,Masters,Divorced,Male,White,40
23,182117.0,Some-college,Never-married,Male,White,40
53,126368.0,Some-college,Never-married,Female,White,50
36,61778.0,HS-grad,Married-civ-spouse,Male,White,40
32,253354.0,Masters,Married-civ-spouse,Male,White,50
41,176069.0,HS-grad,Separated,Female,White,40
36,68089.0,HS-grad,Never-married,Female,Amer-Indian-Eskimo,40
27,330132.0,Bachelors,Married-civ-spouse,Female,White,40
34,164190.0,Some-college,Married-civ-spouse,Male,White,38
37,42044.0,Some-college,Married-civ-spouse,Male,White,84
47,194772.0,Assoc-voc,Married-civ-spouse,Male,White,40
29,277342.0,Some-college,Never-married,Male,White,40
52,224198.0,HS-grad,Divorced,Female,White,51
39,226894.0,HS-grad,Married-civ-spouse,Male,Black,40
65,187493.0,Masters,Married-civ-spouse,Male,White,40
22,38707.0,Some-college,Never-married,Male,White,20
80,120796.0,HS-grad,Married-civ-spouse,Male,White,40
52,225317.0,5th-6th,Married-civ-spouse,Male,White,40
54,375134.0,Assoc-voc,Divorced,Male,White,40
49,248895.0,HS-grad,Married-civ-spouse,Male,White,45
42,369781.0,7th-8th,Divorced,Male,White,25
38,318886.0,Bachelors,Married-civ-spouse,Male,Black,52
36,34364.0,Assoc-acdm,Separated,Female,White,3
38,148287.0,Masters,Married-civ-spouse,Male,White,60
46,358886.0,HS-grad,Married-civ-spouse,Male,White,40
17,286960.0,11th,Never-married,Male,White,40
29,190450.0,HS-grad,Married-civ-spouse,Male,Asian-Pac-Islander,40
24,181820.0,Some-college,Never-married,Male,White,45
36,81896.0,Bachelors,Never-married,Female,White,45
58,196643.0,HS-grad,Divorced,Female,White,15
30,183000.0,Masters,Married-civ-spouse,Male,White,45
45,320818.0,Some-college,Married-spouse-absent,Male,Black,40
25,175382.0,HS-grad,Never-married,Male,White,45
71,148003.0,Bachelors,Divorced,Female,White,38
21,190761.0,10th,Married-civ-spouse,Male,White,70
25,154210.0,11th,Married-spouse-absent,Male,Asian-Pac-Islander,35
44,267717.0,Masters,Married-civ-spouse,Male,White,45
39,230329.0,HS-grad,Married-civ-spouse,Male,White,35
68,123653.0,5th-6th,Separated,Male,White,12
18,192409.0,12th,Never-married,Female,White,25
23,185106.0,HS-grad,Never-married,Male,Black,40
25,231638.0,HS-grad,Never-married,Female,White,40
46,181413.0,Assoc-acdm,Married-civ-spouse,Female,White,40
26,250038.0,Some-college,Married-civ-spouse,Male,White,40
42,155972.0,HS-grad,Married-civ-spouse,Male,White,40
42,29702.0,10th,Married-civ-spouse,Male,White,40
28,35032.0,Bachelors,Never-married,Male,White,50
30,119422.0,Assoc-voc,Married-civ-spouse,Male,White,40
30,258170.0,HS-grad,Divorced,Female,White,40
22,220603.0,Some-college,Never-married,Female,White,25
19,378114.0,HS-grad,Married-civ-spouse,Male,White,25
31,172304.0,Some-college,Married-civ-spouse,Male,White,50
28,215955.0,HS-grad,Married-civ-spouse,Male,White,40
46,119939.0,11th,Married-civ-spouse,Male,White,40
44,209174.0,Bachelors,Married-civ-spouse,Male,White,70
36,300373.0,10th,Divorced,Female,Black,40
42,231832.0,Some-college,Married-civ-spouse,Female,White,45
50,107265.0,HS-grad,Married-civ-spouse,Male,White,50
48,195491.0,HS-grad,Divorced,Female,White,30
31,197860.0,HS-grad,Never-married,Male,White,40
52,77336.0,Assoc-voc,Married-civ-spouse,Male,White,40
28,107458.0,HS-grad,Never-married,Male,White,45
51,176813.0,Assoc-acdm,Married-civ-spouse,Male,White,60
30,169583.0,Bachelors,Married-AF-spouse,Female,White,40
18,150817.0,12th,Never-married,Female,White,45
58,299680.0,Masters,Married-civ-spouse,Male,White,43
33,220939.0,HS-grad,Married-civ-spouse,Male,White,45
38,66687.0,HS-grad,Married-civ-spouse,Male,White,50
64,187601.0,Some-college,Widowed,Female,White,40
25,108779.0,Masters,Separated,Female,White,40
29,303446.0,Bachelors,Married-civ-spouse,Male,White,25
25,109609.0,Some-college,Never-married,Male,White,25
56,67153.0,Doctorate,Married-civ-spouse,Male,White,60
29,133846.0,Some-college,Never-married,Female,White,40
54,181434.0,Masters,Married-civ-spouse,Male,White,40
28,73037.0,10th,Never-married,Male,White,30
65,44807.0,Some-college,Married-civ-spouse,Male,White,48
61,127198.0,HS-grad,Married-civ-spouse,Male,White,40
59,109567.0,Some-college,Married-civ-spouse,Male,White,40
45,170846.0,Assoc-voc,Married-civ-spouse,Female,White,40
49,160187.0,9th,Married-spouse-absent,Female,Black,16
25,120238.0,11th,Married-civ-spouse,Male,White,40
43,143046.0,Some-college,Divorced,Female,White,20
52,204322.0,Assoc-voc,Married-civ-spouse,Male,White,40
33,323619.0,Some-college,Never-married,Female,White,40
26,177720.0,Assoc-acdm,Divorced,Female,White,45
31,93106.0,Assoc-voc,Never-married,Female,White,40
26,383306.0,12th,Married-civ-spouse,Male,White,40
29,33798.0,HS-grad,Married-civ-spouse,Male,White,45
44,129100.0,11th,Separated,Female,Black,60
51,202752.0,HS-grad,Never-married,Male,Black,40
65,200764.0,HS-grad,Divorced,Female,White,16
39,144169.0,HS-grad,Married-civ-spouse,Male,White,50
36,175360.0,Masters,Never-married,Male,White,50
26,109609.0,Some-college,Separated,Male,White,30
44,157217.0,Bachelors,Never-married,Male,White,42
31,102270.0,7th-8th,Divorced,Female,White,40
30,143766.0,Some-college,Never-married,Male,White,40
67,178878.0,7th-8th,Married-civ-spouse,Male,White,12
41,106679.0,Masters,Never-married,Male,White,50
25,213412.0,Some-college,Married-civ-spouse,Male,White,40
35,181434.0,HS-grad,Never-married,Male,Black,38
24,124242.0,HS-grad,Never-married,Female,White,40
36,77146.0,Masters,Never-married,Male,White,40
20,186014.0,HS-grad,Never-married,Female,White,38
21,77572.0,HS-grad,Never-married,Female,Asian-Pac-Islander,34
35,181434.0,Bachelors,Married-civ-spouse,Male,White,40
37,314963.0,Some-college,Married-civ-spouse,Male,White,40
51,97180.0,HS-grad,Divorced,Female,White,15
22,199011.0,HS-grad,Never-married,Male,White,20
29,206351.0,Bachelors,Never-married,Male,White,40
59,118358.0,HS-grad,Married-civ-spouse,Male,White,40
38,210438.0,HS-grad,Married-civ-spouse,Male,Black,40
35,160728.0,Masters,Married-civ-spouse,Male,White,45
32,211349.0,10th,Married-civ-spouse,Male,White,40
31,113364.0,Assoc-acdm,Married-civ-spouse,Male,White,55
53,47396.0,HS-grad,Married-civ-spouse,Male,White,40
33,243266.0,Masters,Married-civ-spouse,Male,White,40
59,194290.0,HS-grad,Married-civ-spouse,Male,White,48
45,37306.0,Bachelors,Married-civ-spouse,Male,White,45
65,215908.0,HS-grad,Married-civ-spouse,Male,White,40
46,171199.0,Bachelors,Divorced,Female,Other,40
23,234663.0,HS-grad,Never-married,Male,White,40
60,52900.0,HS-grad,Married-civ-spouse,Male,White,42
22,289982.0,Bachelors,Never-married,Female,White,35
25,181434.0,HS-grad,Never-married,Male,Black,40
48,207540.0,Bachelors,Never-married,Male,White,60
48,75619.0,HS-grad,Divorced,Male,White,60
39,141420.0,Some-college,Married-civ-spouse,Male,White,40
23,311376.0,Assoc-voc,Never-married,Female,White,40
26,414916.0,HS-grad,Never-married,Male,White,40
28,129814.0,Some-college,Separated,Male,White,50
53,68684.0,HS-grad,Married-civ-spouse,Male,White,40
25,116044.0,HS-grad,Never-married,Male,White,40
45,190115.0,Assoc-acdm,Divorced,Male,White,40
57,135028.0,HS-grad,Separated,Female,Black,35
46,195023.0,HS-grad,Married-spouse-absent,Female,White,40
31,118551.0,9th,Divorced,Female,White,40
47,181434.0,12th,Divorced,Male,Black,40
59,196013.0,Bachelors,Married-civ-spouse,Male,White,40
56,270859.0,Bachelors,Married-civ-spouse,Male,White,48
24,300008.0,HS-grad,Married-civ-spouse,Female,White,40
62,88579.0,HS-grad,Never-married,Female,White,38
38,40955.0,Bachelors,Married-civ-spouse,Male,White,40
42,98211.0,Bachelors,Married-civ-spouse,Male,White,45
31,256609.0,HS-grad,Married-spouse-absent,Male,White,40
26,102476.0,HS-grad,Never-married,Male,White,50
48,107373.0,10th,Married-civ-spouse,Male,White,40
26,151551.0,Some-college,Separated,Male,Amer-Indian-Eskimo,48
36,192251.0,Some-college,Married-civ-spouse,Female,White,15
40,69730.0,HS-grad,Divorced,Female,White,40
28,122540.0,10th,Divorced,Male,White,40
28,155621.0,5th-6th,Never-married,Male,White,40
41,201981.0,HS-grad,Divorced,Male,White,40
51,94174.0,Some-college,Divorced,Female,White,35
45,185399.0,Masters,Divorced,Female,White,55
32,180871.0,11th,Married-civ-spouse,Male,White,40
39,229647.0,Bachelors,Never-married,Female,White,40
28,263128.0,Some-college,Never-married,Female,White,60
25,164488.0,Assoc-acdm,Never-married,Male,White,45
46,168796.0,Bachelors,Married-civ-spouse,Male,White,55
45,114396.0,Bachelors,Divorced,Male,White,35
58,112076.0,Doctorate,Married-AF-spouse,Female,White,35
39,247733.0,HS-grad,Divorced,Female,Black,16
40,98466.0,11th,Married-civ-spouse,Male,White,50
48,216999.0,HS-grad,Married-civ-spouse,Male,White,40
29,142760.0,HS-grad,Never-married,Male,Black,40
60,238913.0,Bachelors,Married-civ-spouse,Male,White,46
54,311020.0,HS-grad,Married-civ-spouse,Male,White,50
39,144638.0,Masters,Divorced,Female,White,45
18,198614.0,11th,Never-married,Female,Black,8
64,210082.0,HS-grad,Widowed,Female,White,40
41,153078.0,HS-grad,Married-civ-spouse,Male,Asian-Pac-Islander,70
25,197303.0,Bachelors,Never-married,Female,White,40
21,306114.0,HS-grad,Never-married,Male,White,35
23,368739.0,Bachelors,Never-married,Female,White,40
56,156229.0,Bachelors,Married-civ-spouse,Male,White,40
26,306225.0,Bachelors,Never-married,Female,Asian-Pac-Islander,40
39,144860.0,Bachelors,Married-civ-spouse,Male,White,40
35,98360.0,Bachelors,Married-civ-spouse,Male,White,40
53,68898.0,Some-college,Married-civ-spouse,Male,White,40
40,109217.0,11th,Married-civ-spouse,Male,White,45
37,171150.0,HS-grad,Married-civ-spouse,Male,White,50
35,295939.0,HS-grad,Married-civ-spouse,Male,White,40
43,75742.0,Some-college,Married-civ-spouse,Male,White,45
21,231931.0,Some-college,Never-married,Male,White,45
25,193820.0,Bachelors,Never-married,Female,White,40
41,69333.0,HS-grad,Married-civ-spouse,Male,White,45
28,113922.0,HS-grad,Separated,Female,White,17
47,337050.0,Some-college,Married-civ-spouse,Male,White,40
19,318822.0,11th,Never-married,Female,White,35
25,121102.0,Assoc-acdm,Never-married,Female,White,30
36,135293.0,Masters,Separated,Female,White,50
29,86613.0,1st-4th,Never-married,Male,White,20
67,36876.0,HS-grad,Married-civ-spouse,Male,White,55
53,145419.0,1st-4th,Married-civ-spouse,Male,White,67
67,140849.0,HS-grad,Widowed,Female,White,24
20,83141.0,HS-grad,Never-married,Male,White,53
26,159732.0,HS-grad,Never-married,Male,White,52
43,169383.0,Bachelors,Married-civ-spouse,Male,White,45
26,269060.0,HS-grad,Never-married,Female,White,40
25,316688.0,HS-grad,Never-married,Male,Black,40
34,177596.0,Assoc-voc,Married-civ-spouse,Female,White,40
59,170993.0,Prof-school,Divorced,Male,White,40
30,231263.0,HS-grad,Married-civ-spouse,Male,White,40
34,181372.0,11th,Married-civ-spouse,Female,White,23
24,216129.0,HS-grad,Never-married,Male,White,50
25,181434.0,HS-grad,Never-married,Male,White,8
34,34572.0,Assoc-voc,Married-civ-spouse,Male,White,60
55,183580.0,Masters,Divorced,Male,White,45
67,236627.0,Bachelors,Married-civ-spouse,Male,White,2
39,115289.0,Some-college,Divorced,Male,White,70
27,302406.0,Masters,Married-civ-spouse,Male,White,55
17,218124.0,11th,Never-married,Female,White,20
24,127139.0,Some-college,Never-married,Female,White,40
35,132879.0,Some-college,Married-civ-spouse,Male,White,40
37,44694.0,Masters,Married-civ-spouse,Female,White,45
